[{"q1": "pp", "q2": 999, "g": "f", "s": 32.476, "u": "oil", "t": 1985}, {"q1": "cc", "q2": 999, "g": "m", "s": 138.251, "u": "oil", "t": 1985}, {"q1": "pp", "q2": 999, "g": "f", "s": 324.232, "u": "gas", "t": 1985}, {"q1": "cc", "q2": 999, "g": "m", "s": 330.607, "u": "gas", "t": 1985}, {"q1": "pp", "q2": 999, "g": "f", "s": 19.656, "u": "coal", "t": 1985}, {"q1": "cc", "q2": 999, "g": "m", "s": 40.124, "u": "coal", "t": 1985}, {"q1": "cc", "q2": 999, "g": "m", "s": 5.431, "u": "hydro", "t": 1985}, {"q1": "pp", "q2": 999, "g": "f", "s": 36.052, "u": "oil", "t": 1986}, {"q1": "cc", "q2": 999, "g": "m", "s": 141.855, "u": "oil", "t": 1986}, {"q1": "pp", "q2": 999, "g": "f", "s": 361.821, "u": "gas", "t": 1986}, {"q1": "cc", "q2": 999, "g": "m", "s": 318.705, "u": "gas", "t": 1986}, {"q1": "pp", "q2": 999, "g": "f", "s": 22.033, "u": "coal", "t": 1986}, {"q1": "cc", "q2": 999, "g": "m", "s": 48.683, "u": "coal", "t": 1986}, {"q1": "cc", "q2": 999, "g": "m", "s": 4.618, "u": "hydro", "t": 1986}, {"q1": "pp", "q2": 999, "g": "f", "s": 38.222, "u": "oil", "t": 1987}, {"q1": "cc", "q2": 999, "g": "m", "s": 134.614, "u": "oil", "t": 1987}, {"q1": "pp", "q2": 999, "g": "f", "s": 373.069, "u": "gas", "t": 1987}, {"q1": "cc", "q2": 999, "g": "m", "s": 333.699, "u": "gas", "t": 1987}, {"q1": "pp", "q2": 999, "g": "f", "s": 18.294, "u": "coal", "t": 1987}, {"q1": "cc", "q2": 999, "g": "m", "s": 48.683, "u": "coal", "t": 1987}, {"q1": "cc", "q2": 999, "g": "m", "s": 6.771, "u": "hydro", "t": 1987}, {"q1": "pp", "q2": 999, "g": "f", "s": 35.893, "u": "oil", "t": 1988}, {"q1": "cc", "q2": 999, "g": "m", "s": 165.665, "u": "oil", "t": 1988}, {"q1": "pp", "q2": 999, "g": "f", "s": 372.984, "u": "gas", "t": 1988}, {"q1": "cc", "q2": 999, "g": "m", "s": 328.111, "u": "gas", "t": 1988}, {"q1": "pp", "q2": 999, "g": "f", "s": 20.073, "u": "coal", "t": 1988}, {"q1": "cc", "q2": 999, "g": "m", "s": 39.589, "u": "coal", "t": 1988}, {"q1": "cc", "q2": 999, "g": "m", "s": 7.164, "u": "hydro", "t": 1988}, {"q1": "pp", "q2": 999, "g": "f", "s": 39.539, "u": "oil", "t": 1989}, {"q1": "cc", "q2": 999, "g": "m", "s": 158.843, "u": "oil", "t": 1989}, {"q1": "pp", "q2": 999, "g": "f", "s": 385.255, "u": "gas", "t": 1989}, {"q1": "cc", "q2": 999, "g": "m", "s": 347.756, "u": "gas", "t": 1989}, {"q1": "pp", "q2": 999, "g": "f", "s": 22.565, "u": "coal", "t": 1989}, {"q1": "cc", "q2": 999, "g": "m", "s": 47.613, "u": "coal", "t": 1989}, {"q1": "cc", "q2": 999, "g": "m", "s": 5.502, "u": "hydro", "t": 1989}, {"q1": "pp", "q2": 999, "g": "f", "s": 41.031, "u": "oil", "t": 1990}, {"q1": "cc", "q2": 999, "g": "m", "s": 120.576, "u": "oil", "t": 1990}, {"q1": "pp", "q2": 999, "g": "f", "s": 382.442, "u": "gas", "t": 1990}, {"q1": "cc", "q2": 999, "g": "m", "s": 370.164, "u": "gas", "t": 1990}, {"q1": "pp", "q2": 999, "g": "f", "s": 23.632, "u": "coal", "t": 1990}, {"q1": "cc", "q2": 999, "g": "m", "s": 48.148, "u": "coal", "t": 1990}, {"q1": "cc", "q2": 999, "g": "m", "s": 6.651, "u": "hydro", "t": 1990}, {"q1": "pp", "q2": 999, "g": "f", "s": 40.88, "u": "oil", "t": 1991}, {"q1": "cc", "q2": 999, "g": "m", "s": 128.766, "u": "oil", "t": 1991}, {"q1": "pp", "q2": 999, "g": "f", "s": 392.584, "u": "gas", "t": 1991}, {"q1": "cc", "q2": 999, "g": "m", "s": 373.067, "u": "gas", "t": 1991}, {"q1": "pp", "q2": 999, "g": "f", "s": 21.497, "u": "coal", "t": 1991}, {"q1": "cc", "q2": 999, "g": "m", "s": 46.543, "u": "coal", "t": 1991}, {"q1": "cc", "q2": 999, "g": "m", "s": 6.037, "u": "hydro", "t": 1991}, {"q1": "pp", "q2": 999, "g": "f", "s": 43.274, "u": "oil", "t": 1992}, {"q1": "cc", "q2": 999, "g": "m", "s": 108.648, "u": "oil", "t": 1992}, {"q1": "pp", "q2": 999, "g": "f", "s": 421.568, "u": "gas", "t": 1992}, {"q1": "cc", "q2": 999, "g": "m", "s": 347.396, "u": "gas", "t": 1992}, {"q1": "pp", "q2": 999, "g": "f", "s": 18.168, "u": "coal", "t": 1992}, {"q1": "cc", "q2": 999, "g": "m", "s": 29.218, "u": "coal", "t": 1992}, {"q1": "pp", "q2": 999, "g": "f", "s": 6.218, "u": "hydro", "t": 1992}, {"q1": "cc", "q2": 999, "g": "m", "s": 6.28, "u": "hydro", "t": 1992}, {"q1": "pp", "q2": 999, "g": "f", "s": 53.307, "u": "oil", "t": 1993}, {"q1": "cc", "q2": 999, "g": "m", "s": 107.168, "u": "oil", "t": 1993}, {"q1": "pp", "q2": 999, "g": "f", "s": 443.962, "u": "gas", "t": 1993}, {"q1": "cc", "q2": 999, "g": "m", "s": 377.202, "u": "gas", "t": 1993}, {"q1": "pp", "q2": 999, "g": "f", "s": 14.827, "u": "coal", "t": 1993}, {"q1": "cc", "q2": 999, "g": "m", "s": 20.212, "u": "coal", "t": 1993}, {"q1": "pp", "q2": 999, "g": "f", "s": 7.284, "u": "hydro", "t": 1993}, {"q1": "cc", "q2": 999, "g": "m", "s": 7.363, "u": "hydro", "t": 1993}, {"q1": "pp", "q2": 999, "g": "f", "s": 71.279, "u": "oil", "t": 1994}, {"q1": "cc", "q2": 999, "g": "m", "s": 98.358, "u": "oil", "t": 1994}, {"q1": "pp", "q2": 999, "g": "f", "s": 465.407, "u": "gas", "t": 1994}, {"q1": "cc", "q2": 999, "g": "m", "s": 387.728, "u": "gas", "t": 1994}, {"q1": "pp", "q2": 999, "g": "f", "s": 14.922, "u": "coal", "t": 1994}, {"q1": "cc", "q2": 999, "g": "m", "s": 19.674, "u": "coal", "t": 1994}, {"q1": "pp", "q2": 999, "g": "f", "s": 7.084, "u": "hydro", "t": 1994}, {"q1": "cc", "q2": 999, "g": "m", "s": 7.151, "u": "hydro", "t": 1994}, {"q1": "pp", "q2": 999, "g": "f", "s": 98.903, "u": "oil", "t": 1995}, {"q1": "cc", "q2": 999, "g": "m", "s": 94.224, "u": "oil", "t": 1995}, {"q1": "pp", "q2": 999, "g": "f", "s": 476.001, "u": "gas", "t": 1995}, {"q1": "cc", "q2": 999, "g": "m", "s": 410.483, "u": "gas", "t": 1995}, {"q1": "pp", "q2": 999, "g": "f", "s": 11.888, "u": "coal", "t": 1995}, {"q1": "cc", "q2": 999, "g": "m", "s": 15.37, "u": "coal", "t": 1995}, {"q1": "pp", "q2": 999, "g": "f", "s": 6.126, "u": "hydro", "t": 1995}, {"q1": "cc", "q2": 999, "g": "m", "s": 6.187, "u": "hydro", "t": 1995}, {"q1": "pp", "q2": 999, "g": "f", "s": 100.352, "u": "oil", "t": 1996}, {"q1": "cc", "q2": 999, "g": "m", "s": 81.446, "u": "oil", "t": 1996}, {"q1": "pp", "q2": 999, "g": "f", "s": 477.338, "u": "gas", "t": 1996}, {"q1": "cc", "q2": 999, "g": "m", "s": 426.994, "u": "gas", "t": 1996}, {"q1": "pp", "q2": 999, "g": "f", "s": 10.942, "u": "coal", "t": 1996}, {"q1": "cc", "q2": 999, "g": "m", "s": 13.8, "u": "coal", "t": 1996}, {"q1": "pp", "q2": 999, "g": "f", "s": 6.46, "u": "hydro", "t": 1996}, {"q1": "cc", "q2": 999, "g": "m", "s": 6.523, "u": "hydro", "t": 1996}, {"q1": "pp", "q2": 999, "g": "f", "s": 100.789, "u": "oil", "t": 1997}, {"q1": "cc", "q2": 999, "g": "m", "s": 82.974, "u": "oil", "t": 1997}, {"q1": "pp", "q2": 999, "g": "f", "s": 494.8, "u": "gas", "t": 1997}, {"q1": "cc", "q2": 999, "g": "m", "s": 441.473, "u": "gas", "t": 1997}, {"q1": "pp", "q2": 999, "g": "f", "s": 11.661, "u": "coal", "t": 1997}, {"q1": "cc", "q2": 999, "g": "m", "s": 12.992, "u": "coal", "t": 1997}, {"q1": "pp", "q2": 999, "g": "f", "s": 5.719, "u": "hydro", "t": 1997}, {"q1": "cc", "q2": 999, "g": "m", "s": 5.781, "u": "hydro", "t": 1997}, {"q1": "pp", "q2": 999, "g": "f", "s": 104.848, "u": "oil", "t": 1998}, {"q1": "cc", "q2": 999, "g": "m", "s": 84.727, "u": "oil", "t": 1998}, {"q1": "pp", "q2": 999, "g": "f", "s": 540.402, "u": "gas", "t": 1998}, {"q1": "cc", "q2": 999, "g": "m", "s": 442.711, "u": "gas", "t": 1998}, {"q1": "pp", "q2": 999, "g": "f", "s": 11.591, "u": "coal", "t": 1998}, {"q1": "cc", "q2": 999, "g": "m", "s": 13.262, "u": "coal", "t": 1998}, {"q1": "pp", "q2": 999, "g": "f", "s": 5.7, "u": "hydro", "t": 1998}, {"q1": "cc", "q2": 999, "g": "m", "s": 5.758, "u": "hydro", "t": 1998}, {"q1": "pp", "q2": 999, "g": "f", "s": 100.606, "u": "oil", "t": 1999}, {"q1": "cc", "q2": 999, "g": "m", "s": 86.811, "u": "oil", "t": 1999}, {"q1": "pp", "q2": 999, "g": "f", "s": 548.25, "u": "gas", "t": 1999}, {"q1": "cc", "q2": 999, "g": "m", "s": 456.03, "u": "gas", "t": 1999}, {"q1": "pp", "q2": 999, "g": "f", "s": 11.753, "u": "coal", "t": 1999}, {"q1": "cc", "q2": 999, "g": "m", "s": 11.47, "u": "coal", "t": 1999}, {"q1": "pp", "q2": 999, "g": "f", "s": 5.626, "u": "hydro", "t": 1999}, {"q1": "cc", "q2": 999, "g": "m", "s": 5.683, "u": "hydro", "t": 1999}, {"q1": "pp", "q2": 999, "g": "f", "s": 92.383, "u": "oil", "t": 2000}, {"q1": "cc", "q2": 999, "g": "m", "s": 85.321, "u": "oil", "t": 2000}, {"q1": "pp", "q2": 999, "g": "f", "s": 555.576, "u": "gas", "t": 2000}, {"q1": "cc", "q2": 999, "g": "m", "s": 457.542, "u": "gas", "t": 2000}, {"q1": "pp", "q2": 999, "g": "f", "s": 10.094, "u": "coal", "t": 2000}, {"q1": "cc", "q2": 999, "g": "m", "s": 13.448, "u": "coal", "t": 2000}, {"q1": "pp", "q2": 999, "g": "f", "s": 5.817, "u": "hydro", "t": 2000}, {"q1": "cc", "q2": 999, "g": "m", "s": 5.878, "u": "hydro", "t": 2000}, {"q1": "pp", "q2": 999, "g": "f", "s": 91.831, "u": "oil", "t": 2001}, {"q1": "cc", "q2": 999, "g": "m", "s": 84.444, "u": "oil", "t": 2001}, {"q1": "pp", "q2": 999, "g": "f", "s": 595.656, "u": "gas", "t": 2001}, {"q1": "cc", "q2": 999, "g": "m", "s": 490.763, "u": "gas", "t": 2001}, {"q1": "pp", "q2": 999, "g": "f", "s": 10.733, "u": "coal", "t": 2001}, {"q1": "cc", "q2": 999, "g": "m", "s": 13.778, "u": "coal", "t": 2001}, {"q1": "pp", "q2": 999, "g": "f", "s": 5.899, "u": "hydro", "t": 2001}, {"q1": "cc", "q2": 999, "g": "m", "s": 5.352, "u": "hydro", "t": 2001}, {"q1": "pp", "q2": 999, "g": "f", "s": 91.063, "u": "oil", "t": 2002}, {"q1": "cc", "q2": 999, "g": "m", "s": 84.37, "u": "oil", "t": 2002}, {"q1": "pp", "q2": 999, "g": "f", "s": 567.517, "u": "gas", "t": 2002}, {"q1": "cc", "q2": 999, "g": "m", "s": 504.056, "u": "gas", "t": 2002}, {"q1": "pp", "q2": 999, "g": "f", "s": 10.828, "u": "coal", "t": 2002}, {"q1": "cc", "q2": 999, "g": "m", "s": 13.652, "u": "coal", "t": 2002}, {"q1": "pp", "q2": 999, "g": "f", "s": 6.124, "u": "hydro", "t": 2002}, {"q1": "cc", "q2": 999, "g": "m", "s": 7.283, "u": "hydro", "t": 2002}, {"q1": "pp", "q2": 999, "g": "f", "s": 91.161, "u": "oil", "t": 2003}, {"q1": "cc", "q2": 999, "g": "m", "s": 87.848, "u": "oil", "t": 2003}, {"q1": "pp", "q2": 999, "g": "f", "s": 566.918, "u": "gas", "t": 2003}, {"q1": "cc", "q2": 999, "g": "m", "s": 481.849, "u": "gas", "t": 2003}, {"q1": "pp", "q2": 999, "g": "f", "s": 7.568, "u": "coal", "t": 2003}, {"q1": "cc", "q2": 999, "g": "m", "s": 9.911, "u": "coal", "t": 2003}, {"q1": "pp", "q2": 999, "g": "f", "s": 7.544, "u": "hydro", "t": 2003}, {"q1": "cc", "q2": 999, "g": "m", "s": 7.623, "u": "hydro", "t": 2003}, {"q1": "pp", "q2": 999, "g": "f", "s": 83.383, "u": "oil", "t": 2004}, {"q1": "cc", "q2": 999, "g": "m", "s": 88.598, "u": "oil", "t": 2004}, {"q1": "pp", "q2": 999, "g": "f", "s": 589.609, "u": "gas", "t": 2004}, {"q1": "cc", "q2": 999, "g": "m", "s": 483.947, "u": "gas", "t": 2004}, {"q1": "pp", "q2": 999, "g": "f", "s": 11.052, "u": "coal", "t": 2004}, {"q1": "cc", "q2": 999, "g": "m", "s": 14.185, "u": "coal", "t": 2004}, {"q1": "pp", "q2": 999, "g": "f", "s": 8.92, "u": "hydro", "t": 2004}, {"q1": "cc", "q2": 999, "g": "m", "s": 6.943, "u": "hydro", "t": 2004}, {"q1": "pp", "q2": 999, "g": "f", "s": 71.4, "u": "oil", "t": 2005}, {"q1": "cc", "q2": 999, "g": "m", "s": 73.868, "u": "oil", "t": 2005}, {"q1": "pp", "q2": 999, "g": "f", "s": 588.656, "u": "gas", "t": 2005}, {"q1": "cc", "q2": 999, "g": "m", "s": 470.62, "u": "gas", "t": 2005}, {"q1": "pp", "q2": 999, "g": "f", "s": 12.374, "u": "coal", "t": 2005}, {"q1": "cc", "q2": 999, "g": "m", "s": 13.926, "u": "coal", "t": 2005}, {"q1": "pp", "q2": 999, "g": "f", "s": 8.544, "u": "hydro", "t": 2005}, {"q1": "cc", "q2": 999, "g": "m", "s": 6.127, "u": "hydro", "t": 2005}, {"q1": "pp", "q2": 999, "g": "f", "s": 65.824, "u": "oil", "t": 2006}, {"q1": "cc", "q2": 999, "g": "m", "s": 71.429, "u": "oil", "t": 2006}, {"q1": "pp", "q2": 999, "g": "f", "s": 618.052, "u": "gas", "t": 2006}, {"q1": "cc", "q2": 999, "g": "m", "s": 476.235, "u": "gas", "t": 2006}, {"q1": "pp", "q2": 999, "g": "f", "s": 12.121, "u": "coal", "t": 2006}, {"q1": "cc", "q2": 999, "g": "m", "s": 17.369, "u": "coal", "t": 2006}, {"q1": "pp", "q2": 999, "g": "f", "s": 9.068, "u": "hydro", "t": 2006}, {"q1": "cc", "q2": 999, "g": "m", "s": 6.333, "u": "hydro", "t": 2006}, {"q1": "pp", "q2": 999, "g": "f", "s": 64.319, "u": "oil", "t": 2007}, {"q1": "cc", "q2": 999, "g": "m", "s": 70.164, "u": "oil", "t": 2007}, {"q1": "pp", "q2": 999, "g": "f", "s": 638.741, "u": "gas", "t": 2007}, {"q1": "cc", "q2": 999, "g": "m", "s": 498.922, "u": "gas", "t": 2007}, {"q1": "pp", "q2": 999, "g": "f", "s": 13.777, "u": "coal", "t": 2007}, {"q1": "cc", "q2": 999, "g": "m", "s": 15.668, "u": "coal", "t": 2007}, {"q1": "pp", "q2": 999, "g": "f", "s": 6.336, "u": "hydro", "t": 2007}, {"q1": "cc", "q2": 999, "g": "m", "s": 6.4, "u": "hydro", "t": 2007}, {"q1": "pp", "q2": 999, "g": "f", "s": 62.98, "u": "oil", "t": 2008}, {"q1": "cc", "q2": 999, "g": "m", "s": 53.037, "u": "oil", "t": 2008}, {"q1": "pp", "q2": 999, "g": "f", "s": 648.217, "u": "gas", "t": 2008}, {"q1": "cc", "q2": 999, "g": "m", "s": 523.837, "u": "gas", "t": 2008}, {"q1": "pp", "q2": 999, "g": "f", "s": 13.25, "u": "coal", "t": 2008}, {"q1": "cc", "q2": 999, "g": "m", "s": 15.661, "u": "coal", "t": 2008}, {"q1": "pp", "q2": 999, "g": "f", "s": 11.246, "u": "hydro", "t": 2008}, {"q1": "cc", "q2": 999, "g": "m", "s": 11.36, "u": "hydro", "t": 2008}, {"q1": "pp", "q2": 999, "g": "f", "s": 49.842, "u": "oil", "t": 2009}, {"q1": "cc", "q2": 999, "g": "m", "s": 54.347, "u": "oil", "t": 2009}, {"q1": "pp", "q2": 999, "g": "f", "s": 605.618, "u": "gas", "t": 2009}, {"q1": "cc", "q2": 999, "g": "m", "s": 445.662, "u": "gas", "t": 2009}, {"q1": "pp", "q2": 999, "g": "f", "s": 14.5, "u": "coal", "t": 2009}, {"q1": "cc", "q2": 999, "g": "m", "s": 14.849, "u": "coal", "t": 2009}, {"q1": "pp", "q2": 999, "g": "f", "s": 9.237, "u": "hydro", "t": 2009}, {"q1": "cc", "q2": 999, "g": "m", "s": 9.33, "u": "hydro", "t": 2009}, {"q1": "pp", "q2": 999, "g": "f", "s": 50.376, "u": "oil", "t": 2010}, {"q1": "cc", "q2": 999, "g": "m", "s": 46.94, "u": "oil", "t": 2010}, {"q1": "pp", "q2": 999, "g": "f", "s": 592.832, "u": "gas", "t": 2010}, {"q1": "cc", "q2": 999, "g": "m", "s": 448.074, "u": "gas", "t": 2010}, {"q1": "pp", "q2": 999, "g": "f", "s": 13.914, "u": "coal", "t": 2010}, {"q1": "cc", "q2": 999, "g": "m", "s": 14.107, "u": "coal", "t": 2010}, {"q1": "pp", "q2": 999, "g": "f", "s": 10.738, "u": "hydro", "t": 2010}, {"q1": "cc", "q2": 999, "g": "m", "s": 10.048, "u": "hydro", "t": 2010}, {"q1": "pp", "q2": 999, "g": "f", "s": 53.302, "u": "oil", "t": 2011}, {"q1": "cc", "q2": 999, "g": "m", "s": 43.637, "u": "oil", "t": 2011}, {"q1": "pp", "q2": 999, "g": "f", "s": 621.526, "u": "gas", "t": 2011}, {"q1": "cc", "q2": 999, "g": "m", "s": 510.889, "u": "gas", "t": 2011}, {"q1": "pp", "q2": 999, "g": "f", "s": 15.169, "u": "coal", "t": 2011}, {"q1": "cc", "q2": 999, "g": "m", "s": 14.594, "u": "coal", "t": 2011}, {"q1": "pp", "q2": 999, "g": "f", "s": 10.138, "u": "hydro", "t": 2011}, {"q1": "cc", "q2": 999, "g": "m", "s": 10.189, "u": "hydro", "t": 2011}, {"q1": "pp", "q2": 999, "g": "f", "s": 50.638, "u": "oil", "t": 2012}, {"q1": "cc", "q2": 999, "g": "m", "s": 39.102, "u": "oil", "t": 2012}, {"q1": "pp", "q2": 999, "g": "f", "s": 619.579, "u": "gas", "t": 2012}, {"q1": "cc", "q2": 999, "g": "m", "s": 516.503, "u": "gas", "t": 2012}, {"q1": "pp", "q2": 999, "g": "f", "s": 16.236, "u": "coal", "t": 2012}, {"q1": "cc", "q2": 999, "g": "m", "s": 15.772, "u": "coal", "t": 2012}, {"q1": "cc", "q2": 999, "g": "m", "s": 0.001, "u": "solar", "t": 2012}, {"q1": "pp", "q2": 999, "g": "f", "s": 11.098, "u": "hydro", "t": 2012}, {"q1": "cc", "q2": 999, "g": "m", "s": 11.21, "u": "hydro", "t": 2012}, {"q1": "pp", "q2": 999, "g": "f", "s": 48.39, "u": "oil", "t": 2013}, {"q1": "cc", "q2": 999, "g": "m", "s": 39.546, "u": "oil", "t": 2013}, {"q1": "pp", "q2": 999, "g": "f", "s": 603.208, "u": "gas", "t": 2013}, {"q1": "cc", "q2": 999, "g": "m", "s": 481.302, "u": "gas", "t": 2013}, {"q1": "pp", "q2": 999, "g": "f", "s": 15.136, "u": "coal", "t": 2013}, {"q1": "cc", "q2": 999, "g": "m", "s": 29.782, "u": "coal", "t": 2013}, {"q1": "cc", "q2": 999, "g": "m", "s": 0.003, "u": "solar", "t": 2013}, {"q1": "pp", "q2": 999, "g": "f", "s": 11.329, "u": "hydro", "t": 2013}, {"q1": "cc", "q2": 999, "g": "m", "s": 10.421, "u": "hydro", "t": 2013}, {"q1": "pp", "q2": 999, "g": "f", "s": 45.061, "u": "oil", "t": 2014}, {"q1": "cc", "q2": 999, "g": "m", "s": 38.43, "u": "oil", "t": 2014}, {"q1": "pp", "q2": 999, "g": "f", "s": 593.406, "u": "gas", "t": 2014}, {"q1": "cc", "q2": 999, "g": "m", "s": 505.112, "u": "gas", "t": 2014}, {"q1": "pp", "q2": 999, "g": "f", "s": 16.228, "u": "coal", "t": 2014}, {"q1": "cc", "q2": 999, "g": "m", "s": 23.392, "u": "coal", "t": 2014}, {"q1": "cc", "q2": 999, "g": "m", "s": 0.005, "u": "solar", "t": 2014}, {"q1": "cc", "q2": 999, "g": "m", "s": 10.421, "u": "hydro", "t": 2014}]