[{"q1": "pp", "q2": 999, "g": "f", "s": 11.894, "u": "oil", "t": 1980}, {"q1": "cc", "q2": 999, "g": "m", "s": 11.359, "u": "oil", "t": 1980}, {"q1": "pp", "q2": 999, "g": "f", "s": 1.068, "u": "coal", "t": 1980}, {"q1": "cc", "q2": 999, "g": "m", "s": 2.018, "u": "coal", "t": 1980}, {"q1": "pp", "q2": 999, "g": "f", "s": 4.199, "u": "hydro", "t": 1980}, {"q1": "pp", "q2": 999, "g": "f", "s": 11.894, "u": "oil", "t": 1981}, {"q1": "cc", "q2": 999, "g": "m", "s": 12.132, "u": "oil", "t": 1981}, {"q1": "pp", "q2": 999, "g": "f", "s": 1.082, "u": "coal", "t": 1981}, {"q1": "cc", "q2": 999, "g": "m", "s": 2.082, "u": "coal", "t": 1981}, {"q1": "pp", "q2": 999, "g": "f", "s": 4.126, "u": "hydro", "t": 1981}, {"q1": "pp", "q2": 999, "g": "f", "s": 13.678, "u": "oil", "t": 1982}, {"q1": "cc", "q2": 999, "g": "m", "s": 12.727, "u": "oil", "t": 1982}, {"q1": "pp", "q2": 999, "g": "f", "s": 0.95, "u": "coal", "t": 1982}, {"q1": "cc", "q2": 999, "g": "m", "s": 1.965, "u": "coal", "t": 1982}, {"q1": "pp", "q2": 999, "g": "f", "s": 4.08, "u": "hydro", "t": 1982}, {"q1": "pp", "q2": 999, "g": "f", "s": 14.868, "u": "oil", "t": 1983}, {"q1": "cc", "q2": 999, "g": "m", "s": 12.667, "u": "oil", "t": 1983}, {"q1": "pp", "q2": 999, "g": "f", "s": 0.874, "u": "coal", "t": 1983}, {"q1": "cc", "q2": 999, "g": "m", "s": 1.889, "u": "coal", "t": 1983}, {"q1": "pp", "q2": 999, "g": "f", "s": 4.432, "u": "hydro", "t": 1983}, {"q1": "pp", "q2": 999, "g": "f", "s": 19.03, "u": "oil", "t": 1984}, {"q1": "cc", "q2": 999, "g": "m", "s": 11.597, "u": "oil", "t": 1984}, {"q1": "pp", "q2": 999, "g": "f", "s": 0.936, "u": "coal", "t": 1984}, {"q1": "cc", "q2": 999, "g": "m", "s": 1.915, "u": "coal", "t": 1984}, {"q1": "pp", "q2": 999, "g": "f", "s": 4.646, "u": "hydro", "t": 1984}, {"q1": "pp", "q2": 999, "g": "f", "s": 19.625, "u": "oil", "t": 1985}, {"q1": "cc", "q2": 999, "g": "m", "s": 11.243, "u": "oil", "t": 1985}, {"q1": "pp", "q2": 999, "g": "f", "s": 0.936, "u": "coal", "t": 1985}, {"q1": "cc", "q2": 999, "g": "m", "s": 1.936, "u": "coal", "t": 1985}, {"q1": "pp", "q2": 999, "g": "f", "s": 4.975, "u": "hydro", "t": 1985}, {"q1": "pp", "q2": 999, "g": "f", "s": 19.008, "u": "oil", "t": 1986}, {"q1": "cc", "q2": 999, "g": "m", "s": 12.213, "u": "oil", "t": 1986}, {"q1": "pp", "q2": 999, "g": "f", "s": 0.921, "u": "coal", "t": 1986}, {"q1": "cc", "q2": 999, "g": "m", "s": 2.003, "u": "coal", "t": 1986}, {"q1": "pp", "q2": 999, "g": "f", "s": 5.204, "u": "hydro", "t": 1986}, {"q1": "pp", "q2": 999, "g": "f", "s": 19.096, "u": "oil", "t": 1987}, {"q1": "cc", "q2": 999, "g": "m", "s": 11.022, "u": "oil", "t": 1987}, {"q1": "pp", "q2": 999, "g": "f", "s": 0.944, "u": "coal", "t": 1987}, {"q1": "cc", "q2": 999, "g": "m", "s": 2.035, "u": "coal", "t": 1987}, {"q1": "pp", "q2": 999, "g": "f", "s": 5.187, "u": "hydro", "t": 1987}, {"q1": "pp", "q2": 999, "g": "f", "s": 17.938, "u": "oil", "t": 1988}, {"q1": "cc", "q2": 999, "g": "m", "s": 13.879, "u": "oil", "t": 1988}, {"q1": "pp", "q2": 999, "g": "f", "s": 1.161, "u": "coal", "t": 1988}, {"q1": "cc", "q2": 999, "g": "m", "s": 2.267, "u": "coal", "t": 1988}, {"q1": "pp", "q2": 999, "g": "f", "s": 5.196, "u": "hydro", "t": 1988}, {"q1": "pp", "q2": 999, "g": "f", "s": 16.785, "u": "oil", "t": 1989}, {"q1": "cc", "q2": 999, "g": "m", "s": 13.051, "u": "oil", "t": 1989}, {"q1": "pp", "q2": 999, "g": "f", "s": 0.851, "u": "coal", "t": 1989}, {"q1": "cc", "q2": 999, "g": "m", "s": 1.991, "u": "coal", "t": 1989}, {"q1": "pp", "q2": 999, "g": "f", "s": 5.836, "u": "hydro", "t": 1989}, {"q1": "pp", "q2": 999, "g": "f", "s": 17.356, "u": "oil", "t": 1990}, {"q1": "cc", "q2": 999, "g": "m", "s": 12.142, "u": "oil", "t": 1990}, {"q1": "pp", "q2": 999, "g": "f", "s": 0.604, "u": "coal", "t": 1990}, {"q1": "cc", "q2": 999, "g": "m", "s": 1.751, "u": "coal", "t": 1990}, {"q1": "pp", "q2": 999, "g": "f", "s": 5.569, "u": "hydro", "t": 1990}, {"q1": "pp", "q2": 999, "g": "f", "s": 16.684, "u": "oil", "t": 1991}, {"q1": "cc", "q2": 999, "g": "m", "s": 12.796, "u": "oil", "t": 1991}, {"q1": "pp", "q2": 999, "g": "f", "s": 0.619, "u": "coal", "t": 1991}, {"q1": "cc", "q2": 999, "g": "m", "s": 1.824, "u": "coal", "t": 1991}, {"q1": "pp", "q2": 999, "g": "f", "s": 5.206, "u": "hydro", "t": 1991}, {"q1": "pp", "q2": 999, "g": "f", "s": 15.407, "u": "oil", "t": 1992}, {"q1": "cc", "q2": 999, "g": "m", "s": 14.434, "u": "oil", "t": 1992}, {"q1": "pp", "q2": 999, "g": "f", "s": 0.657, "u": "coal", "t": 1992}, {"q1": "cc", "q2": 999, "g": "m", "s": 1.854, "u": "coal", "t": 1992}, {"q1": "pp", "q2": 999, "g": "f", "s": 5.993, "u": "hydro", "t": 1992}, {"q1": "pp", "q2": 999, "g": "f", "s": 14.773, "u": "oil", "t": 1993}, {"q1": "cc", "q2": 999, "g": "m", "s": 15.088, "u": "oil", "t": 1993}, {"q1": "pp", "q2": 999, "g": "f", "s": 0.713, "u": "coal", "t": 1993}, {"q1": "cc", "q2": 999, "g": "m", "s": 1.959, "u": "coal", "t": 1993}, {"q1": "pp", "q2": 999, "g": "f", "s": 5.473, "u": "hydro", "t": 1993}, {"q1": "pp", "q2": 999, "g": "f", "s": 15.369, "u": "oil", "t": 1994}, {"q1": "cc", "q2": 999, "g": "m", "s": 11.875, "u": "oil", "t": 1994}, {"q1": "pp", "q2": 999, "g": "f", "s": 0.727, "u": "coal", "t": 1994}, {"q1": "cc", "q2": 999, "g": "m", "s": 1.991, "u": "coal", "t": 1994}, {"q1": "pp", "q2": 999, "g": "f", "s": 5.241, "u": "hydro", "t": 1994}, {"q1": "pp", "q2": 999, "g": "f", "s": 17.764, "u": "oil", "t": 1995}, {"q1": "cc", "q2": 999, "g": "m", "s": 12.224, "u": "oil", "t": 1995}, {"q1": "pp", "q2": 999, "g": "f", "s": 0.774, "u": "coal", "t": 1995}, {"q1": "cc", "q2": 999, "g": "m", "s": 2.247, "u": "coal", "t": 1995}, {"q1": "pp", "q2": 999, "g": "f", "s": 6.097, "u": "hydro", "t": 1995}, {"q1": "pp", "q2": 999, "g": "f", "s": 17.765, "u": "oil", "t": 1996}, {"q1": "cc", "q2": 999, "g": "m", "s": 12.678, "u": "oil", "t": 1996}, {"q1": "pp", "q2": 999, "g": "f", "s": 0.751, "u": "coal", "t": 1996}, {"q1": "cc", "q2": 999, "g": "m", "s": 2.006, "u": "coal", "t": 1996}, {"q1": "pp", "q2": 999, "g": "f", "s": 6.03, "u": "hydro", "t": 1996}, {"q1": "pp", "q2": 999, "g": "f", "s": 16.798, "u": "oil", "t": 1997}, {"q1": "cc", "q2": 999, "g": "m", "s": 12.443, "u": "oil", "t": 1997}, {"q1": "pp", "q2": 999, "g": "f", "s": 0.683, "u": "coal", "t": 1997}, {"q1": "cc", "q2": 999, "g": "m", "s": 1.889, "u": "coal", "t": 1997}, {"q1": "pp", "q2": 999, "g": "f", "s": 4.974, "u": "hydro", "t": 1997}, {"q1": "pp", "q2": 999, "g": "f", "s": 15.644, "u": "oil", "t": 1998}, {"q1": "cc", "q2": 999, "g": "m", "s": 11.767, "u": "oil", "t": 1998}, {"q1": "pp", "q2": 999, "g": "f", "s": 0.707, "u": "coal", "t": 1998}, {"q1": "cc", "q2": 999, "g": "m", "s": 1.912, "u": "coal", "t": 1998}, {"q1": "pp", "q2": 999, "g": "f", "s": 4.662, "u": "hydro", "t": 1998}, {"q1": "pp", "q2": 999, "g": "f", "s": 13.212, "u": "oil", "t": 1999}, {"q1": "cc", "q2": 999, "g": "m", "s": 10.068, "u": "oil", "t": 1999}, {"q1": "pp", "q2": 999, "g": "f", "s": 0.707, "u": "coal", "t": 1999}, {"q1": "cc", "q2": 999, "g": "m", "s": 1.912, "u": "coal", "t": 1999}, {"q1": "pp", "q2": 999, "g": "f", "s": 5.247, "u": "hydro", "t": 1999}, {"q1": "pp", "q2": 999, "g": "f", "s": 15.472, "u": "oil", "t": 2000}, {"q1": "cc", "q2": 999, "g": "m", "s": 8.418, "u": "oil", "t": 2000}, {"q1": "pp", "q2": 999, "g": "f", "s": 0.707, "u": "coal", "t": 2000}, {"q1": "cc", "q2": 999, "g": "m", "s": 1.774, "u": "coal", "t": 2000}, {"q1": "pp", "q2": 999, "g": "f", "s": 5.939, "u": "hydro", "t": 2000}, {"q1": "pp", "q2": 999, "g": "f", "s": 14.283, "u": "oil", "t": 2001}, {"q1": "cc", "q2": 999, "g": "m", "s": 5.669, "u": "oil", "t": 2001}, {"q1": "pp", "q2": 999, "g": "f", "s": 0.73, "u": "coal", "t": 2001}, {"q1": "cc", "q2": 999, "g": "m", "s": 1.736, "u": "coal", "t": 2001}, {"q1": "pp", "q2": 999, "g": "f", "s": 5.914, "u": "hydro", "t": 2001}, {"q1": "pp", "q2": 999, "g": "f", "s": 13.479, "u": "oil", "t": 2002}, {"q1": "cc", "q2": 999, "g": "m", "s": 4.811, "u": "oil", "t": 2002}, {"q1": "pp", "q2": 999, "g": "f", "s": 0.751, "u": "coal", "t": 2002}, {"q1": "cc", "q2": 999, "g": "m", "s": 1.789, "u": "coal", "t": 2002}, {"q1": "pp", "q2": 999, "g": "f", "s": 6.049, "u": "hydro", "t": 2002}, {"q1": "pp", "q2": 999, "g": "f", "s": 13.083, "u": "oil", "t": 2003}, {"q1": "cc", "q2": 999, "g": "m", "s": 4.837, "u": "oil", "t": 2003}, {"q1": "pp", "q2": 999, "g": "f", "s": 0.774, "u": "coal", "t": 2003}, {"q1": "cc", "q2": 999, "g": "m", "s": 1.895, "u": "coal", "t": 2003}, {"q1": "pp", "q2": 999, "g": "f", "s": 6.098, "u": "hydro", "t": 2003}, {"q1": "pp", "q2": 999, "g": "f", "s": 12.539, "u": "oil", "t": 2004}, {"q1": "cc", "q2": 999, "g": "m", "s": 6.731, "u": "oil", "t": 2004}, {"q1": "pp", "q2": 999, "g": "f", "s": 0.795, "u": "coal", "t": 2004}, {"q1": "cc", "q2": 999, "g": "m", "s": 2.018, "u": "coal", "t": 2004}, {"q1": "pp", "q2": 999, "g": "f", "s": 7.007, "u": "hydro", "t": 2004}, {"q1": "pp", "q2": 999, "g": "f", "s": 11.744, "u": "oil", "t": 2005}, {"q1": "cc", "q2": 999, "g": "m", "s": 6.901, "u": "oil", "t": 2005}, {"q1": "pp", "q2": 999, "g": "f", "s": 0.883, "u": "coal", "t": 2005}, {"q1": "cc", "q2": 999, "g": "m", "s": 2.179, "u": "coal", "t": 2005}, {"q1": "pp", "q2": 999, "g": "f", "s": 7.319, "u": "hydro", "t": 2005}, {"q1": "pp", "q2": 999, "g": "f", "s": 11.894, "u": "oil", "t": 2006}, {"q1": "cc", "q2": 999, "g": "m", "s": 6.698, "u": "oil", "t": 2006}, {"q1": "pp", "q2": 999, "g": "f", "s": 0.041, "u": "gas", "t": 2006}, {"q1": "cc", "q2": 999, "g": "m", "s": 0.041, "u": "gas", "t": 2006}, {"q1": "pp", "q2": 999, "g": "f", "s": 0.906, "u": "coal", "t": 2006}, {"q1": "cc", "q2": 999, "g": "m", "s": 2.299, "u": "coal", "t": 2006}, {"q1": "pp", "q2": 999, "g": "f", "s": 7.445, "u": "hydro", "t": 2006}, {"q1": "pp", "q2": 999, "g": "f", "s": 13.176, "u": "oil", "t": 2007}, {"q1": "cc", "q2": 999, "g": "m", "s": 7.713, "u": "oil", "t": 2007}, {"q1": "pp", "q2": 999, "g": "f", "s": 0.093, "u": "gas", "t": 2007}, {"q1": "cc", "q2": 999, "g": "m", "s": 0.093, "u": "gas", "t": 2007}, {"q1": "pp", "q2": 999, "g": "f", "s": 0.936, "u": "coal", "t": 2007}, {"q1": "cc", "q2": 999, "g": "m", "s": 2.443, "u": "coal", "t": 2007}, {"q1": "pp", "q2": 999, "g": "f", "s": 7.742, "u": "hydro", "t": 2007}, {"q1": "pp", "q2": 999, "g": "f", "s": 11.869, "u": "oil", "t": 2008}, {"q1": "cc", "q2": 999, "g": "m", "s": 6.841, "u": "oil", "t": 2008}, {"q1": "pp", "q2": 999, "g": "f", "s": 0.093, "u": "gas", "t": 2008}, {"q1": "cc", "q2": 999, "g": "m", "s": 0.093, "u": "gas", "t": 2008}, {"q1": "pp", "q2": 999, "g": "f", "s": 0.965, "u": "coal", "t": 2008}, {"q1": "cc", "q2": 999, "g": "m", "s": 2.596, "u": "coal", "t": 2008}, {"q1": "pp", "q2": 999, "g": "f", "s": 7.408, "u": "hydro", "t": 2008}, {"q1": "pp", "q2": 999, "g": "f", "s": 13.083, "u": "oil", "t": 2009}, {"q1": "cc", "q2": 999, "g": "m", "s": 6.832, "u": "oil", "t": 2009}, {"q1": "pp", "q2": 999, "g": "f", "s": 0.093, "u": "gas", "t": 2009}, {"q1": "cc", "q2": 999, "g": "m", "s": 0.093, "u": "gas", "t": 2009}, {"q1": "pp", "q2": 999, "g": "f", "s": 0.994, "u": "coal", "t": 2009}, {"q1": "cc", "q2": 999, "g": "m", "s": 2.666, "u": "coal", "t": 2009}, {"q1": "pp", "q2": 999, "g": "f", "s": 7.722, "u": "hydro", "t": 2009}, {"q1": "pp", "q2": 999, "g": "f", "s": 12.489, "u": "oil", "t": 2010}, {"q1": "cc", "q2": 999, "g": "m", "s": 9.661, "u": "oil", "t": 2010}, {"q1": "pp", "q2": 999, "g": "f", "s": 0.093, "u": "gas", "t": 2010}, {"q1": "cc", "q2": 999, "g": "m", "s": 0.093, "u": "gas", "t": 2010}, {"q1": "pp", "q2": 999, "g": "f", "s": 1.024, "u": "coal", "t": 2010}, {"q1": "cc", "q2": 999, "g": "m", "s": 2.857, "u": "coal", "t": 2010}, {"q1": "pp", "q2": 999, "g": "f", "s": 7.774, "u": "hydro", "t": 2010}, {"q1": "pp", "q2": 999, "g": "f", "s": 11.99, "u": "oil", "t": 2011}, {"q1": "cc", "q2": 999, "g": "m", "s": 11.674, "u": "oil", "t": 2011}, {"q1": "pp", "q2": 999, "g": "f", "s": 0.093, "u": "gas", "t": 2011}, {"q1": "cc", "q2": 999, "g": "m", "s": 0.093, "u": "gas", "t": 2011}, {"q1": "pp", "q2": 999, "g": "f", "s": 1.053, "u": "coal", "t": 2011}, {"q1": "cc", "q2": 999, "g": "m", "s": 3.047, "u": "coal", "t": 2011}, {"q1": "pp", "q2": 999, "g": "f", "s": 7.769, "u": "hydro", "t": 2011}, {"q1": "pp", "q2": 999, "g": "f", "s": 11.894, "u": "oil", "t": 2012}, {"q1": "cc", "q2": 999, "g": "m", "s": 12.262, "u": "oil", "t": 2012}, {"q1": "pp", "q2": 999, "g": "f", "s": 0.971, "u": "coal", "t": 2012}, {"q1": "cc", "q2": 999, "g": "m", "s": 3.003, "u": "coal", "t": 2012}, {"q1": "pp", "q2": 999, "g": "f", "s": 7.852, "u": "hydro", "t": 2012}, {"q1": "pp", "q2": 999, "g": "f", "s": 11.894, "u": "oil", "t": 2013}, {"q1": "cc", "q2": 999, "g": "m", "s": 11.894, "u": "oil", "t": 2013}, {"q1": "pp", "q2": 999, "g": "f", "s": 11.894, "u": "oil", "t": 2014}]